repo_id,repo_id,repo_name
100075549,100075549,Azure/autorest.aio
100118847,100118847,Azure/azure-docs-json-samples
100314903,100314903,Azure/autorest.common
100315083,100315083,Azure/autorest.modeler
100315457,100315457,Azure/autorest.azureresourceschema
100315623,100315623,Azure/autorest.csharp
100315670,100315670,Azure/autorest.go
100315700,100315700,Azure/autorest.java
100315853,100315853,Azure/autorest.nodejs
100315873,100315873,Azure/autorest.php
100315912,100315912,Azure/autorest.ruby
100315955,100315955,Azure/autorest.python
100316137,100316137,Azure/autorest.testserver
100378114,100378114,Azure/blockchain-supply-chain-sloution
100736092,100736092,Azure/AzurePublicDataset
100755397,100755397,Azure/Azure-WebApps-Support-Center
101014719,101014719,Azure/generator-azure-iot-edge-module
101110781,101110781,Azure/kubernetes
101225211,101225211,Azure/terraform-azurerm-compute
101225432,101225432,Azure/terraform-azurerm-computegroup
101225525,101225525,Azure/terraform-azurerm-network
101225598,101225598,Azure/terraform-azurerm-loadbalancer
101225675,101225675,Azure/terraform-azurerm-database
101261687,101261687,Azure/autorest.typescript
101329988,101329988,Azure/ADLAwithR-GettingStarted
101331922,101331922,Azure/LearnAnalytics-LearningPath-AI
101519762,101519762,Azure/reverse-proxy-dotnet
101854086,101854086,Azure/ibex-dashboard
101935764,101935764,Azure/ms-rest-js
101935847,101935847,Azure/ms-rest-azure-js
102017267,102017267,Azure/azure-pixel-tracker-java
102046683,102046683,Azure/LearnAnalytics-Team-Data-Science-Process-for-DevOps
102134794,102134794,Azure/Sia-Gateway
102241260,102241260,Azure/azure-iot-pcs-tools
102502097,102502097,Azure/azure-pixel-tracker
102502953,102502953,Azure/azure-pixel-tracker-arm
102531579,102531579,Azure/SFNuGet
102543665,102543665,Azure/azure-data-lake-store-net
102634335,102634335,Azure/ms-rest-azure-env
102667875,102667875,Azure/ms-rest-nodeauth
102729867,102729867,Azure/fta-internalbusinessapps
102730304,102730304,Azure/fta-customerfacingapps
102730462,102730462,Azure/fta-backuparchivedr
102758327,102758327,Azure/learnAnalytics-DeepLearning-Azure
102785099,102785099,Azure/Sia-Root
102795869,102795869,Azure/draft-pack-repo
102803512,102803512,Azure/Sia-EventUI
103171350,103171350,Azure/homebrew-draft
103188854,103188854,Azure/azure-functions-microsoftgraph-extension
103281905,103281905,Azure/MachineLearningSamples-BigData
103282473,103282473,Azure/MachineLearningSamples-AerialImageClassification
103283406,103283406,Azure/MachineLearningSamples-QnAMatching
103283550,103283550,Azure/MachineLearningSamples-DocumentCollectionAnalysis
103283668,103283668,Azure/MachineLearningSamples-PredictiveMaintenance
103283801,103283801,Azure/MachineLearningSamples-EnergyDemandTimeSeriesForecasting
103283979,103283979,Azure/MachineLearningSamples-DistributedHyperParameterTuning
103284227,103284227,Azure/MachineLearningSamples-TDSPUCIAdultIncome
103284360,103284360,Azure/MachineLearningSamples-BiomedicalEntityExtraction
103301462,103301462,Azure/MachineLearningSamples-ChurnPrediction
103301947,103301947,Azure/MachineLearningSamples-SentimentAnalysis
103307180,103307180,Azure/azure-storage-fuse
103450800,103450800,Azure/azure-iot-pal-esp32
103451311,103451311,Azure/azure-uhttp-c
103456200,103456200,Azure/azure-libraries-for-net
103456760,103456760,Azure/azure-iot-cli-extension
103466382,103466382,Azure/BatchAI
103565537,103565537,Azure/DevOps-For-AI-Apps
103608918,103608918,Azure/MachineLearningSamples-MarketCampaign
103638599,103638599,Azure/kubernetes-azure-cloud-controller-manager
103966457,103966457,Azure/azure-documentdb-changefeedprocessor-java
104013456,104013456,Azure/MachineLearningSamples-Iris
104014956,104014956,Azure/MachineLearningSamples-tf
104015020,104015020,Azure/MachineLearningSamples-cntk
104015104,104015104,Azure/MachineLearningSamples-mmlspark
104015297,104015297,Azure/MachineLearningSamples-mml
104015366,104015366,Azure/MachineLearningSamples-tdsp
104015439,104015439,Azure/MachineLearningSamples-sparksweep
104064077,104064077,Azure/MachineLearningSamples-lr
104191927,104191927,Azure/ocp-azure-quick-start
104224492,104224492,Azure/fta-dataplatform
104483058,104483058,Azure/fta-saponazure
104794676,104794676,Azure/azure-ocp-samples-public
105314178,105314178,Azure/azure-libraries-for-java
105323559,105323559,Azure/azure-cosmosdb-python
105329206,105329206,Azure/iot-central-firmware
10536725,10536725,Azure/azure-notificationhubs
106082343,106082343,Azure/fta-devops
106316783,106316783,Azure/autorest-clientruntime-for-swift
106317281,106317281,Azure/autorest.swift
106317605,106317605,Azure/azure-libraries-for-swift
106439400,106439400,Azure/MachineLearningSamples-TwitterSentimentPrediction
106537211,106537211,Azure/China-AI-Solutions
106580024,106580024,Azure/azure-cli-extensions
106712270,106712270,Azure/CloudIoTHack
106715234,106715234,Azure/fta-architecturalreview
106715642,106715642,Azure/service-fabric-jenkins-plugin
106732765,106732765,Azure/fedramp-iaas-webapp
10677333,10677333,Azure/envconf
106866103,106866103,Azure/learnAnalytics-CreatingSolutionswiththeTeamDataScienceProcess
106888361,106888361,Azure/fta-azurefundamentals
107195510,107195510,Azure/open-service-broker-azure
107239567,107239567,Azure/fluent-plugin-azureamonitorlog
107301451,107301451,Azure/MachineLearningSamples-ImageClassificationUsingCntk
107304012,107304012,Azure/azure-redis-cache-samples
107314460,107314460,Azure/helm-charts
107492226,107492226,Azure/dotnet-template-azure-iot-edge-function
107876552,107876552,Azure/fluent-plugin-azuremonitormetrics
108015201,108015201,Azure/Sia-Playbook
108049853,108049853,Azure/brigade
108064924,108064924,Azure/azure-app-gateway-k8s-ingress
108257720,108257720,Azure/azure-kusto-python
108296269,108296269,Azure/AKS
108311273,108311273,Azure/azure-sdk-for-js
108326214,108326214,Azure/azure-arch-enterprise-bi-and-reporting
108883048,108883048,Azure/azure-pipeline-go
108883966,108883966,Azure/azure-storage-blob-go
108885434,108885434,Azure/azure-storage-file-go
108891420,108891420,Azure/uk-official-three-tier-webapp
109331905,109331905,Azure/azure-iot-pcs-device-simulation
109333724,109333724,Azure/pcs-simulation-webui
109962909,109962909,Azure/fta-manageddisks
110173903,110173903,Azure/gaming
110275163,110275163,Azure/service-catalog-cli
110286502,110286502,Azure/perks.extension
110286571,110286571,Azure/perks.async-io
110286680,110286680,Azure/perks.literate
110286822,110286822,Azure/perks.eventing
110287006,110287006,Azure/perks.tasks
110296682,110296682,Azure/ai-toolkit-iot-edge
110434090,110434090,Azure/Secured-SaaS-Wallet
110569911,110569911,Azure/Liftnshiftplus
110601376,110601376,Azure/cloud-debug-tools
110762217,110762217,Azure/MLADS2017ML
110788784,110788784,Azure/smarthotels360-azure
110830177,110830177,Azure/SmartDetectorsMonitoringAppliance
110880157,110880157,Azure/MachineLearningSamples-DeepLearningforPredictiveMaintenance
111023947,111023947,Azure/azure-iot-pcs-remote-monitoring-dotnet-tests
111443792,111443792,Azure/MachineLearningSamples-NotebookTemplate
111465449,111465449,Azure/batch-insights
111577794,111577794,Azure/azure-documentdb-changefeedprocessor-dotnet
111590983,111590983,Azure/LearnAI-Bootcamp-
112237677,112237677,Azure/MachineLearning-MusicGeneration
112418343,112418343,Azure/preview-modules
112526009,112526009,Azure/terraform-azurerm-manageddisk
112531935,112531935,Azure/terraform-azurerm-search-service
112535400,112535400,Azure/fta-wip
112569817,112569817,Azure/service-fabric-explorer
112652589,112652589,Azure/terraform-azurerm-encryptedmanageddisk
112792504,112792504,Azure/terraform
113162398,113162398,Azure/jenkins
113235982,113235982,Azure/autorest-extension-base
113236048,113236048,Azure/autorest-extension-helloworld
113349717,113349717,Azure/terraform-test
113407784,113407784,Azure/az-tf-mod-test-utils
113502914,113502914,Azure/vscode-azureterraform
113507260,113507260,Azure/mirrorcat
113539838,113539838,Azure/generator-az-terra-module
113817619,113817619,Azure/azure_modules
113817885,113817885,Azure/azure_preview_modules
114025506,114025506,Azure/blackbelt-aks-hackfest
114032798,114032798,Azure/GBBSec
114055008,114055008,Azure/GBB-OSS
114181285,114181285,Azure/service-fabric-reverse-proxy
114656885,114656885,Azure/MachineLearning-Scripts
114689182,114689182,Azure/azure-functions-dropbox-extension
114798676,114798676,Azure/azure-storage-azcopy
114798989,114798989,Azure/azure-storage-java-async
114865107,114865107,Azure/azure-storage-blob-php
114884556,114884556,Azure/azure-storage-table-php
114885185,114885185,Azure/azure-storage-queue-php
114885580,114885580,Azure/azure-storage-file-php
114886302,114886302,Azure/azure-storage-common-php
115764143,115764143,Azure/iotedgedev
116435971,116435971,Azure/terraform-azurerm-vmss-cloudinit
116878164,116878164,Azure/Health-Data-and-AI-Blueprint
116994716,116994716,Azure/azure-service-bus-go
117061934,117061934,Azure/DecisionTreeExplorer
117167227,117167227,Azure/PredictiveMaintenance
117169328,117169328,Azure/terraform
117279322,117279322,Azure/node-red-contrib-azure
117423019,117423019,Azure/azure-iiot-opc-ua
117730503,117730503,Azure/azure-functions-python-worker
118022427,118022427,Azure/Moodle
118055851,118055851,Azure/iot
118189945,118189945,Azure/service-fabric-mesh-preview
118512901,118512901,Azure/iot-ux-fluent-controls
118836505,118836505,Azure/LearnAI-CustomAI-Airlift
119092058,119092058,Azure/app-service-builtin-images
11934185,11934185,Azure/azure-mobile-services-recipes
119421236,119421236,Azure/MachineLearningSamples-BikeShare
119449625,119449625,Azure/azure-iot-c-analysis
119873047,119873047,Azure/autorest.incubator
119908078,119908078,Azure/AzureChestXRay
119913038,119913038,Azure/azure-functions-docker
119972805,119972805,Azure/azure-iiot-opc-ua-twin-module
119973195,119973195,Azure/azure-iiot-common
120027156,120027156,Azure/app-service-quickstart-docker-images
120350978,120350978,Azure/get-proxy-settings
120373298,120373298,Azure/terraform-azurerm-network-security-group
120379467,120379467,Azure/terraform-azurerm-vnet
120512510,120512510,Azure/azure-event-hubs-go
120533548,120533548,Azure/service-catalog-templates
120545373,120545373,Azure/terraform-azurerm-vm
120659977,120659977,Azure/azure-hanaonazure-cli-extension
120821243,120821243,Azure/pcs-diagnostics-dotnet
120963670,120963670,Azure/RSL
120964002,120964002,Azure/RingMaster
121442242,121442242,Azure/Strata2018
121687606,121687606,Azure/pcf-on-azure-dotnet
121687802,121687802,Azure/pcf-on-azure-java
122269892,122269892,Azure/Azurite
122361706,122361706,Azure/azure-relay-bridge
122587404,122587404,Azure/adx-automation-client
122587541,122587541,Azure/adx-automation-services
122587678,122587678,Azure/adx-automation-agent
122718747,122718747,Azure/hpcpack-acm
122760932,122760932,Azure/AzureML-Recommendation-RRS
123069751,123069751,Azure/azure-signalr
123208409,123208409,Azure/homebrew-functions
123228625,123228625,Azure/Azure.iOS
123228861,123228861,Azure/Azure.Android
123229300,123229300,Azure/Azure.Mobile
123355661,123355661,Azure/azure-sqldb-spark
123493343,123493343,Azure/kubernetes-kms
123842545,123842545,Azure/azure-batch-rendering
123993651,123993651,Azure/awesome-terraform
124122393,124122393,Azure/fluent-plugin-process-ucs-syslog
124123906,124123906,Azure/fluent-plugin-hanarp-message
124124248,124124248,Azure/fluent-plugin-servicebus-queue
124124481,124124481,Azure/fluent-plugin-colomanager-heartbeat
124145353,124145353,Azure/platform-chaos-cli
124145651,124145651,Azure/platform-chaos
124145809,124145809,Azure/platform-chaos-api
124277336,124277336,Azure/azure-functions-docker-python-sample
124430136,124430136,Azure/vsce
124433866,124433866,Azure/learnAnalytics-AdvancedFeaturesforMicrosoftBotFramework
124434326,124434326,Azure/learnAnalytics-Buildingacomputervisionapplicationleveragingthecustomvisionservice
124434524,124434524,Azure/learnAnalytics-UsingAzureMachineLearningforAIWorkloads
124717436,124717436,Azure/Azure-AppServices-Diagnostics
124949226,124949226,Azure/maven-bundler
124966109,124966109,Azure/utility_functions_in_ROC_space
125056018,125056018,Azure/helm-vsts-agent
125162643,125162643,Azure/cookiecutter-azure-iot-edge-module
125258239,125258239,Azure/build2018-container-demo
125316983,125316983,Azure/hpcpack-mesos
125356454,125356454,Azure/MLOpenHack-ComputerVision
125362842,125362842,Azure/helm-elasticstack
126067058,126067058,Azure/azure-openapi-arm-validator
126221465,126221465,Azure/azure-functions-durable-js
126236218,126236218,Azure/azure-amqp-common-go
126414651,126414651,Azure/qpid-proton-j-extensions
12652765,12652765,Azure/azure-coding-guidelines
126532603,126532603,Azure/azure-cosmosdb-bulkexecutor-java-getting-started
127176130,127176130,Azure/ai-on-iaas-pp
127383725,127383725,Azure/azure-app-service-tunnel
127493037,127493037,Azure/asa-manager-dotnet
127761049,127761049,Azure/DeepLearningModelDeployment
127992090,127992090,Azure/kubernetes-volume-drivers
128272173,128272173,Azure/autorest.interactive
128431578,128431578,Azure/aad-pod-identity
128486475,128486475,Azure/active-learning-workshop
129139134,129139134,Azure/azure-cosmos-js
129166893,129166893,Azure/eventgrid-emulator
129301542,129301542,Azure/LearnAI-DesigningandArchitectingIntelligentAgents
129439238,129439238,Azure/buffalo-azure
12952669,12952669,Azure/azure-sdk-for-media-services-extensions
129761258,129761258,Azure/gbc-containers
130086509,130086509,Azure/MachineLearningSamples-mnist
130240866,130240866,Azure/azure-cli-devtestlab-test
130276163,130276163,Azure/azure-keyvault-cli-extension
130768973,130768973,Azure/iot-edge-virtual-kubelet-provider
131255425,131255425,Azure/awesome-azure-iot-edge
131327880,131327880,Azure/kubeflow-labs
131594689,131594689,Azure/azure-relay-aspnetserver
131752395,131752395,Azure/aml-real-time-ai
131842865,131842865,Azure/Azure-Data-Service-Notebook
131898110,131898110,Azure/LearnAI-AIonIaaS
131898244,131898244,Azure/LearnAI-Cognitive-Search
131898441,131898441,Azure/LearnAI-CustomTimeSeriesForecastingWithAML
131905695,131905695,Azure/TypeEdge
131923582,131923582,Azure/LearnAI-CustomComputerVisionwithAML
131923714,131923714,Azure/LearnAI-CustomTextAnalyticsWithAML
132428064,132428064,Azure/iot-edge-testing-utility
132528088,132528088,Azure/dev-spaces
133072158,133072158,Azure/azure-functions-datalake-extension
133094139,133094139,Azure/brigade-github-app
133424582,133424582,Azure/azure-functions-java-library
133489892,133489892,Azure/azure-iot-edge-c-module
133632779,133632779,Azure/S3ToAdl
133846325,133846325,Azure/Retinal-Image-Classification
134615809,134615809,Azure/AML-AirField
134629931,134629931,Azure/iotz
134746883,134746883,Azure/AppConfiguration-DotnetProvider
134756928,134756928,Azure/azure-api-management-devops-resource-kit
135090929,135090929,Azure/fta-hpc
135506555,135506555,Azure/Batch
135538263,135538263,Azure/azure-deadline
135754607,135754607,Azure/CIQS-Azure-Cli-Extension
136075760,136075760,Azure/kubernetes-keyvault-flexvol
136389118,136389118,Azure/Guest-Configuration-Extension
136426082,136426082,Azure/azure-functions-python-library
136981199,136981199,Azure/azureml-tap-notebooks
136991714,136991714,Azure/dcos-engine
137137611,137137611,Azure/batchai_retinanet_horovod_coco
137259130,137259130,Azure/git2grid
137798642,137798642,Azure/uk-official-paas-webapp
13808889,13808889,Azure/azure-storage-net
13808985,13808985,Azure/azure-storage-cpp
13809004,13809004,Azure/azure-storage-java
138236353,138236353,Azure/azure-cosmosdb-graph-bulkexecutor-dotnet-getting-started
138268917,138268917,Azure/azure-iiot-opc-twin-api
138271381,138271381,Azure/azure-iiot-opc-twin-registry
138271594,138271594,Azure/azure-iiot-services
138272073,138272073,Azure/azure-iiot-opc-twin-onboarding
138646782,138646782,Azure/iotedge
138647078,138647078,Azure/azure-iotedge
138663522,138663522,Azure/iot-ux-fluent-css
138772059,138772059,Azure/Service-Fabric-Troubleshooting-Guides
138953337,138953337,Azure/iot-ux-baseline
138967965,138967965,Azure/iotedgehubdev
139064081,139064081,Azure/aztack
139447272,139447272,Azure/azure-iiot-opc-twin-webui
139643601,139643601,Azure/Azure-Health-Extension
139940718,139940718,Azure/azure-databricks-client
139943702,139943702,Azure/hpcpack-acm-cli
139947067,139947067,Azure/hpcpack-acm-api-python
140244628,140244628,Azure/ccme
140288411,140288411,Azure/MLAKSDeployment
140454351,140454351,Azure/kubernetes-hackfest
140572997,140572997,Azure/AMLSamples
140754270,140754270,Azure/azure-iot-device-simulation-dotnet-tests
140761899,140761899,Azure/phippyandfriends
140768259,140768259,Azure/cyclecloud-slurm
140777290,140777290,Azure/CycleCloud
140845249,140845249,Azure/prebuilt-ai-for-conversational-bot
141325961,141325961,Azure/cosmos-explorer
141350423,141350423,Azure/azure-iot-experimental
141514384,141514384,Azure/azure-acr-plugin
141528661,141528661,Azure/Machine-Learning-Containers
141612387,141612387,Azure/terraform-provider-acsengine
141642605,141642605,Azure/Azure_IoT_Solution_Accelerators_dotnet
141646262,141646262,Azure/remote-monitoring-services-java
141767103,141767103,Azure/terraform-provider-jwt
141919956,141919956,Azure/azure-sphere-samples
142035809,142035809,Azure/azure-k8s-metrics-adapter
142062461,142062461,Azure/azure-functions-signalrservice-extension
142067109,142067109,Azure/BatchLabs-data
142067616,142067616,Azure/cyclecloud-vFXT
142209760,142209760,Azure/cyclecloud-kafka
142210082,142210082,Azure/cyclecloud-redis
142227974,142227974,Azure/cyclecloud-mrbayes
142245754,142245754,Azure/cyclecloud-lammps
142599157,142599157,Azure/azure-functions-powershell-worker
142699182,142699182,Azure/VegaKVS
142706173,142706173,Azure/cyclecloud-beegfs
142706548,142706548,Azure/cyclecloud-conda
142706696,142706696,Azure/cyclecloud-ubercloud
142707678,142707678,Azure/cyclecloud-hpcpack
142707740,142707740,Azure/cyclecloud-lsf
142797188,142797188,Azure/cyclecloud-tractor
142873243,142873243,Azure/azure-microprofile
142935983,142935983,Azure/Accord-NET
142967584,142967584,Azure/terraform-with-jenkins-samples
143069836,143069836,Azure/cyclecloud-blender
143449454,143449454,Azure/Avere
143636599,143636599,Azure/DistributedDeepLearning
143934578,143934578,Azure/azure-event-hubs-for-kafka
143937114,143937114,Azure/k8s-best-practices
144020195,144020195,Azure/azure-kusto-java
144094071,144094071,Azure/brigadier
144189660,144189660,Azure/cyclecloud-gluster
144206426,144206426,Azure/azure-qube
144325169,144325169,Azure/app-service-windows-containers
144534720,144534720,Azure/ccme
144633807,144633807,Azure/cyclecloud-gridengine
144633890,144633890,Azure/cyclecloud-htcondor
144634186,144634186,Azure/cyclecloud-pbspro
144952955,144952955,Azure/azure-storage-cpplite
145098743,145098743,Azure/iotedge-lorawan-starterkit
145148726,145148726,Azure/MachineLearningNotebooks
145167931,145167931,Azure/golua
145183271,145183271,Azure/Azure-Sentinel
145303365,145303365,Azure/logstash-output-kusto
145621764,145621764,Azure/terraform-azurerm-routetable
145904290,145904290,Azure/AvereSDK
145906027,145906027,Azure/LearnAI-Airlift
145917013,145917013,MiYanni/azure-powershell-common
146047377,146047377,Azure/dps-keygen
146145478,146145478,Azure/amqp-common-js
146265970,146265970,Azure/azure-cef-sdk
146611853,146611853,Azure/BatchAIAnomalyDetection
146650795,146650795,Azure/application-gateway-kubernetes-ingress
147074329,147074329,Azure/kafka-sink-azure-kusto
147393029,147393029,Azure/terraform-azurerm-diskencrypt
147452650,147452650,Azure/iotc-explorer
147873391,147873391,Azure/monaco-kusto
148227810,148227810,Azure/terraform-azurerm-vnetpeering
148284273,148284273,Azure/hpc-analytics
148391825,148391825,Azure/azure-extension-foundation
148533655,148533655,Azure/WebAndRazorWithVisualStudioForMac
148676866,148676866,Azure/azure-iot-sdk-python-preview
149102925,149102925,Azure/iot-edge-visual-studio-templates
149166153,149166153,Azure/RBatchScoring
149250560,149250560,Azure/azure-artifact-manager-plugin
149353594,149353594,Azure/azure-cosmos-cassandra-extensions
150135694,150135694,Azure/OpenShift
150284265,150284265,Azure/Ansible
150329138,150329138,Azure/Fleet-PRSE
150790185,150790185,Azure/kubernetes-watchdog
151535120,151535120,Azure/azfilebackup
152151039,152151039,Azure/RealtimeRDeployment
152293606,152293606,Azure/AtUniverse
152326272,152326272,Azure/terraform-azurerm-disk-snapshot
152328173,152328173,Azure/terraform-azurerm-aks
152328854,152328854,Azure/terraform-azurerm-consul
152328984,152328984,Azure/terraform-azurerm-aci
152352666,152352666,Azure/dotnet-template-azure-iot-edge-module-visual-studio
152466132,152466132,Azure/terraform-azurerm-application-security-group
152466989,152466989,Azure/terraform-azurerm-resource-group
152467316,152467316,Azure/terraform-azurerm-storage-account
152651024,152651024,Azure/k8s-testrig
152652149,152652149,Azure/azure-iot-pnp-template-management
152659226,152659226,Azure/terraform-azurerm-vm-extension-msi
152672425,152672425,Azure/iotc-device-bridge
152779693,152779693,Azure/LearnAI-UsingAItoDetectandPredictAnomaliesinTimeSeriesData
152781891,152781891,Azure/LearnAI-KnowledgeMiningBootcamp
153195716,153195716,Azure/LAMP
153201003,153201003,Azure/LearnAI-SecureMachineLearningwithSQLServerandAzureMachineLearning-
153670362,153670362,Azure/openapi-markdown
153673479,153673479,Azure/cyclecloud-openfoam
153673489,153673489,Azure/Ethr
153683466,153683466,Azure/azure-automation-go-worker
153815469,153815469,Azure/App-Service-Migration-Assistant
154420020,154420020,Azure/azure-notificationhubs-dotnet
154554179,154554179,Azure/azure-sdk-python
154560211,154560211,Azure/x509-verify
154729653,154729653,Azure/LearnAI-AzureDataPrep
154729875,154729875,Azure/LearnAI-RecommendationSystemsusingAML
154876655,154876655,Azure/azure-functions-premium-plan
154894457,154894457,Azure/kubernetes-policy-controller
155265625,155265625,Azure/azure-blueprints
155286803,155286803,Azure/Batch-Scoring-Deep-Learning-Models-With-AKS
155300655,155300655,Azure/cyclecloud-nvidia-gpu-cloud
155302208,155302208,Azure/db2-on-azure
155304179,155304179,Azure/ha-nva-fo
155447233,155447233,Azure/aks-engine
155528949,155528949,Azure/azch-captureorder
155529511,155529511,Azure/azch-fulfillorder
155536715,155536715,Azure/azch-rabbitmqlistener
155537731,155537731,Azure/azch-eventhublistener
155619842,155619842,Azure/LearnAI-CustomerServiceAgents
155755655,155755655,Azure/LearnAI-CogSrvsAndBots
155758319,155758319,Azure/cosmos-sql-language-service
156205075,156205075,Azure/github-actions
156260788,156260788,Azure/azure-cosmos-dotnet-v3
157060706,157060706,Azure/azch-sblistener
157265817,157265817,Azure/mio-uds-windows
157268956,157268956,Azure/tokio-uds-windows
157287338,157287338,Azure/hyperlocal-windows
157289783,157289783,Azure/azure-sphere-hardware-designs
157576782,157576782,Azure/azure-kusto-samples-dotnet
157585234,157585234,Azure/LearnAI-ADPM
157773084,157773084,Azure/azure-portal-react
157775724,157775724,Azure/AzSwaggerSpecsTestClone
157912929,157912929,Azure/azure-relay-java
157938628,157938628,Azure/cosmos-sign
158182791,158182791,Azure/azure-kusto-analytics-lib
158421882,158421882,Azure/azure-digital-twins-graph-viewer
158465443,158465443,Azure/azure-cli-dev-tools
158668055,158668055,Azure/azure-kusto-docs-samples
160268882,160268882,Azure/azure-tokens
160886239,160886239,Azure/terraform-azurerm-appgw-ingress-k8s-cluster
161849870,161849870,Azure/spark-cdm
162323729,162323729,Azure/kubernetes-challenge
162338048,162338048,Azure/Batch-Scoring-Deep-Learning-Models-With-AML
162995765,162995765,Azure/azure-kusto-demos
164278872,164278872,Azure/terraform-azurerm-acr
165202643,165202643,Azure/ipynb-renderer
165323530,165323530,Azure/SwaggerToSdkTS
165323748,165323748,Azure/swagger-to-sdk-ts
165910472,165910472,Azure/iot-sdks-e2e-fx
166118302,166118302,Azure/azure-ulib-c
166358729,166358729,Azure/hpcpack-acm-ps
167076820,167076820,Azure/AMLPipelines
167082126,167082126,Azure/Vision-AI-DevKit-Pages
167308149,167308149,Azure/azure-render-hub
167338426,167338426,Azure/azure-signalr-aspnet-bench
167361136,167361136,Azure/cognitive-services
167779675,167779675,Azure/aznetsdk
168243877,168243877,Azure/api-management-developer-portal
168395291,168395291,Azure/enterprise-integration
168605860,168605860,Azure/azurestack-uptime-monitor
169325829,169325829,Azure/mlops
169353589,169353589,Azure/nestle-acne-assessment
169357609,169357609,Azure/azure-cosmos-table-dotnet
169436841,169436841,Azure/MLOps-TDSP-Template
170317830,170317830,Azure/service-fabric-autoscale-helper
170359581,170359581,Azure/containe-compute-upstream
170592186,170592186,Azure/azure-sdktools
170931942,170931942,Azure/azure-functions-performance-scenarios
171365327,171365327,Azure/vscode-kubernetes-tools-api
171960644,171960644,Azure/azure-sdk-for-python-lab
171974543,171974543,Azure/autorest.devops
172386886,172386886,Azure/testing-sample-101
172439725,172439725,Azure/OCPCHINATECH
172603486,172603486,Azure/appservice-linux
172757483,172757483,Azure/InferenceSchema
172996513,172996513,Azure/app-service-linux-docs
173213614,173213614,Azure/azure-notificationhubs-android
173348572,173348572,Azure/logger-js
173776180,173776180,Azure/azure-iiot-components
174051352,174051352,Azure/SampleVisionApi
174051549,174051549,Azure/SampleRRAMTest
174426959,174426959,Azure/azure-functions-kafka-extension
174427161,174427161,Azure/azure-iot-c-back-compat
174592135,174592135,Azure/batch-extension-templates
174627886,174627886,Azure/azure-policy-kubernetes
17469588,17469588,Azure/vagrant-azure
175147387,175147387,Azure/hpcpack-acm-portal
175270827,175270827,Azure/databox-adls-loader
175545843,175545843,Azure/azure-c-build-tools
175907966,175907966,Azure/WinGuestAnalyzer
176344354,176344354,Azure/FXT
176383947,176383947,Azure/vscode-kubernetes-tools-api-samples
17641734,17641734,Azure/azure.github.io
176806864,176806864,Azure/Azure-Service-Provider-Management-Toolkit-samples
177669523,177669523,Azure/terraform-azurerm-azuremonitor-aks
177671222,177671222,Azure/smart-utility-accelerator
177746728,177746728,Azure/azureadm
177838332,177838332,Azure/Azure-Migration-Guidance
178060608,178060608,Azure/azch-loadtest
178156530,178156530,Azure/ASC-for-IoT
178157165,178157165,Azure/Azure-IoT-Security-Agent-CS
178812534,178812534,Azure/azure-iiot-oee-private
179023139,179023139,Azure/ansible-aks
180114099,180114099,Azure/OpenDatasetsNotebooks
180236118,180236118,Azure/azure-functions-extension-bundles
180433089,180433089,Azure/azure-functions-dotnet-extensions
180610347,180610347,Azure/AzureML
180841380,180841380,Azure/dps-certgen
180843420,180843420,Azure/iotc-android-sample
181580186,181580186,Azure/rest-api-specs-scripts
181632813,181632813,Azure/customResourceProviders
182285585,182285585,Azure/iot-edge-object-model
184343377,184343377,Azure/vscode-aks-tools
184346096,184346096,Azure/opendigitaltwins-dtdl
184655500,184655500,Azure/Azure-Security-Centerr
184807541,184807541,Azure/azure-custom-providers
185446473,185446473,Azure/cosmos
185730300,185730300,Azure/cyclecloud-hands-on-labs
185843381,185843381,Azure/securedworkstation
186688197,186688197,Azure/cognitiveservices-aci
186700904,186700904,Azure/iot-central-mobile
186878615,186878615,Azure/git-rest-api
187075849,187075849,Azure/azure-devops-boards-importer-exporter
187100062,187100062,Azure/event-grid-iot-edge
187271865,187271865,Azure/AzureAuth
187547779,187547779,Azure/AzureRMR
187547897,187547897,Azure/AzureStor
187733019,187733019,Azure/AzureGraph
187739640,187739640,Azure/magic-module-specs
187919241,187919241,Azure/autorest.devops
187983141,187983141,Azure/AzureContainers
187983348,187983348,Azure/AzureVM
187983539,187983539,Azure/AzureKeyVault
188323605,188323605,Azure/github-nginx-cache
189879840,189879840,Azure/IoT-Edge-Installer
189985423,189985423,Azure/azure-kusto-ingestion-tools
190077066,190077066,Azure/terraform-azurerm-mariadb
190289573,190289573,Azure/repair-script-library
190519329,190519329,Azure/acr-task-commands
191314447,191314447,Azure/azure-iot-edge-c-module-vs
191972184,191972184,Azure/azhpc
192397699,192397699,Azure/ipython-cosmos-extension
192427364,192427364,Azure/azure-functions-servicebus-extension
192454956,192454956,Azure/azure-cef
192577707,192577707,Azure/CloudShell
192663368,192663368,Azure/mlhub
192993407,192993407,Azure/azcv
192993682,192993682,Azure/azspeech2txt
19356410,19356410,Azure/azure-websites-java-remote-debugging
193781161,193781161,Azure/azface
193932213,193932213,Azure/trigger
193960083,193960083,Azure/AzureDatabricksBestPractices
194017492,194017492,Azure/aztranslate
194148065,194148065,Azure/az-vmware-cli
19461352,19461352,Azure/azure-sdk-for-android
194899508,194899508,Azure/.github
19544736,19544736,Azure/azure-storage-android
195464656,195464656,Azure/Event-Hubs-extension-for-Azure-Functions
195464871,195464871,Azure/azure-functions-rabbitmq-extension
19546694,19546694,Azure/azure-storage-node
195472455,195472455,Azure/azure-sdk-for-native
196059399,196059399,Azure/azure-cosmosdb-bulkingestion
196079991,196079991,Azure/flamenco-manager-azure
196100826,196100826,Azure/AzureNotebooks-tests
196273513,196273513,Azure/azurehpc
196424255,196424255,Azure/azure-iot-workshops
196489801,196489801,Azure/hpcpack-rest-api-spec
197483319,197483319,Azure/azure-service-operator
198042861,198042861,Azure/azml
198183215,198183215,Azure/AzureML_CustomModules
198295679,198295679,Azure/AIPlatform
198303925,198303925,Azure/azure-iot-explorer
19841123,19841123,Azure/azure-linux-extensions
199062905,199062905,Azure/appservice-actions
199063217,199063217,Azure/k8s-actions
199087253,199087253,Azure/azureml-sdk-for-r
199470553,199470553,Azure/pykusto
199532960,199532960,Azure/paho.mqtt.java
199537631,199537631,Azure/aks-periscope
19996918,19996918,Azure/node-inspector
200027168,200027168,Azure/az-vmware-cli
200335224,200335224,Azure/AzureVMmetadata
201168570,201168570,Azure/Telepathy
201207553,201207553,Azure/container-actions
201352357,201352357,Azure/terraform-azurerm-vmss
202050948,202050948,Azure/hpcpack-web-portal
202071872,202071872,Azure/hpcpack-high-availability
202432726,202432726,Azure/azure-functions-appinsights-extension
202459178,202459178,Azure/ml-modules
20301564,20301564,Azure/mobile-services-samples
203099222,203099222,Azure/Azure-China-Migration-Playbook
204188431,204188431,Azure/hpcpack-rest-api-angular-client
205410194,205410194,Azure/functions-container-action
20546198,20546198,Azure/azure-docker-extension
206243972,206243972,Azure/aks-set-context
206295157,206295157,Azure/k8s-deploy
206312133,206312133,Azure/webapps-deploy
206312509,206312509,Azure/webapps-container-deploy
206352313,206352313,Azure/VideoEditorialInTheCloud
206835452,206835452,Azure/carprice
207249235,207249235,Azure/Azure-Spring-Cloud
207790033,207790033,Azure/AppConfiguration-Announcements
207923069,207923069,Azure/azure-mariadb
209077823,209077823,Azure/dedicated-hosts-manager
209911609,209911609,Azure/AzureCognitive
210704245,210704245,Azure/AzureMonitorForSAPSolutions
210790380,210790380,Azure/get-keyvault-secrets
210790868,210790868,Azure/appservice-settings
210791655,210791655,Azure/sql-action
210792663,210792663,Azure/mysql-action
210794310,210794310,Azure/AKS-based-Hyperledger-Fabric-deployment-template-
210842558,210842558,Azure/azure-kusto-timedingest
210959975,210959975,Azure/Networking
211209914,211209914,Azure/App-Service-Managed-Certificates
211774187,211774187,Azure/aks-ref-architecture
21183815,21183815,Azure/azure-linux-automation
212211081,212211081,Azure/azureml-rl-preview
212412570,212412570,Azure/Storage-Feedback
212628259,212628259,Azure/Azure-Sentinel-Notebooks
213451061,213451061,Azure/sg-aks-workshop
213461598,213461598,Azure/azhpc-extensions
213491828,213491828,Azure/aztext
213768049,213768049,Azure/Azure-Sentinel-BYOML
213813101,213813101,Azure/caf-terraform-landingzones
214122488,214122488,Azure/tsana
214242804,214242804,Azure/Azure-Blockchain-for-Hyperledger-Fabric-AKS-based-
214318958,214318958,Azure/flux
214515754,214515754,Azure/azhpc-images
214545470,214545470,Azure/IoTC-Reserved-IoTHubs
215370385,215370385,Azure/Bright-Azure-Monitoring-Connector
21581639,21581639,Azure/packer-azure
215878505,215878505,Azure/IoTC-Reserved-IoTHub-List
215905001,215905001,Azure/Azure-Network-Security
21628729,21628729,Azure/azure-notificationhubs-samples
216727968,216727968,Azure/terafform-auto-build
216952444,216952444,Azure/azure-javaee-iaas
21712185,21712185,Azure/azure-webjobs-sdk
217416115,217416115,Azure/ml-functions-package-demo
218080188,218080188,Azure/arm-template-whatif
218150910,218150910,Azure/ignite-day2-aks
218475283,218475283,Azure/CLI
218724739,218724739,Azure/iot-security-agent-as-sdk-c
218762622,218762622,Azure/luis_pizza_bot
218841676,218841676,Azure/Azure-RACI-Toolkit
219286488,219286488,Azure/pizza_luis_bot
219510818,219510818,Azure/AppServiceIntegrationWithAzureMonitorDocs
219986301,219986301,Azure/hpcpack
220619732,220619732,Azure/iot-workshop-asset-tracking
220925147,220925147,Azure/azure-kusto-orc-conv
220955743,220955743,Azure/k8s-lint
221085904,221085904,Azure/arm-ttk
221089154,221089154,Azure/azure-data-lake-storage-gen2-psmodule
221338252,221338252,Azure/Community-Policy
221839987,221839987,Azure/AppConfiguration-Sync
222370076,222370076,Azure/SDW
222541833,222541833,Azure/azure-sphere-wpa-supplicant
223276019,223276019,Azure/MLOpsPython
223495456,223495456,Azure/CBLDWALinuxAgent
223498655,223498655,Azure/CBLD-base-files
223851515,223851515,Azure/DAICE_DatabricksSparkDevOps
224377718,224377718,Azure/fabric-react-jsonschema-form
224878780,224878780,Azure/ARO-RP
225488080,225488080,Azure/cloud-provider-azure
225931716,225931716,Azure/azure-docs
226059721,226059721,Azure/autorest.az
226207467,226207467,Azure/Forge
22621870,22621870,Azure/azure-mobile-services-resourcebroker
226292767,226292767,Azure/azure-rest-api-specs-pipeline
226415020,226415020,Azure/autorest.compare
226421493,226421493,Azure/ComputerVision
226687010,226687010,Azure/telegraf-arc
226687778,226687778,Azure/telegraf-mdm
226809676,226809676,Azure/openapi-platform-pipelines
226830751,226830751,Azure/terraform-landingzones
226993460,226993460,Azure/k8s-infra
227215517,227215517,Azure/ServerlessOH9
227262990,227262990,Azure/amqp
22739151,22739151,Azure/mobileservice-sqlserver
22739262,22739262,Azure/azure-documentdb-node
22739272,22739272,Azure/azure-documentdb-dotnet
22739277,22739277,Azure/azure-documentdb-python
22739280,22739280,Azure/azure-documentdb-js
227499428,227499428,Azure/autorest.clicommon
227941850,227941850,Azure/azureml.github.io
227957095,227957095,Azure/sonic-buildimage-1
228515084,228515084,Azure/ntc-templates
22855240,22855240,Azure/azure-sdk-for-go
228923725,228923725,Azure/c-util
229159646,229159646,Azure/ottertune
23086102,23086102,Azure/azure-webjobs-sdk-samples
23278645,23278645,Azure/AzureQuickStartsProjects
233154800,233154800,Azure/azure-remote-rendering
23335200,23335200,Azure/azure-kubernetes-visualizer
23371869,23371869,Azure/azure-webjobs-sdk-dashboard-tests
234142930,234142930,Azure/azure-arc-kubernetes-examples
235112933,235112933,Azure/DAICE_DateEstateDevOps
235481449,235481449,Azure/azurestack-powershell
236430067,236430067,Azure/aci-deploy
236657658,236657658,Azure/spark-cdm-connector
236767785,236767785,Azure/ChangeAnalysisInsights
237727309,237727309,Azure/aks-best-practices
238074432,238074432,Azure/azure-remote-rendering-asset-tool
23846461,23846461,Azure/azure-documentdb-java
238561155,238561155,Azure/ARMTemplates
23891194,23891194,Azure/azure-powershell
239001792,239001792,Azure/AgentBaker
239002362,239002362,Azure/azure-stack-hub-powershell
239002497,239002497,Azure/azure-stack-hub-flask-hello-world
239046185,239046185,Azure/Microsoft-commercial-marketplace-transactable-SaaS-offer-SDK
23972925,23972925,Azure/azure-mobile-services-xamarin-auth
241607831,241607831,Azure/iot-workshop-quality-assurance
241782534,241782534,Azure/autorest.test
241946870,241946870,Azure/appconfig-go
243364735,243364735,Azure/appservice-build-test1
243989096,243989096,Azure/dtmi
243992271,243992271,Azure/digital-twin-model-identifier
244720244,244720244,Azure/Project-Cerberus-manifest
24507551,24507551,Azure/azure-media-services-samples
24507871,24507871,Azure/Azure-Media-Services-Explorer
245381124,245381124,Azure/azure-signalr-vnext-demos
246666648,246666648,Azure/aks-traffic-manager
246769559,246769559,Azure/azure-subscription-level-arm-deployment
246774825,246774825,Azure/aml-template
246890385,246890385,Azure/aml-train
246952167,246952167,Azure/iotedge-vm-deploy
247169185,247169185,Azure/cet-aks-engine-templates
247269797,247269797,Azure/live-video-analytics
248116399,248116399,Azure/aksplus
248716112,248716112,Azure/aml-profilemodel
248878754,248878754,Azure/keyvaultcertdownloader
24898533,24898533,Azure/durabletask
24913377,24913377,Azure/Azure-MachineLearning-DataScience
249486752,249486752,Azure/flatris
24960549,24960549,Azure/Azure-DataFactory
250050091,250050091,Azure/kubelogin
250428523,250428523,Azure/api-management-self-hosted-gateway
25252739,25252739,Azure/hpcpack-linux-agent
254738169,254738169,Azure/azure-sdk-for-ios-example
25549354,25549354,Azure/rtable
255966832,255966832,Azure/fluent-plugin-imds
25609604,25609604,Azure/azure-mobile-services-test
258034494,258034494,Azure/Stormspotter
25835860,25835860,Azure/azure-batch-apps-python
260327018,260327018,Azure/AzureNotificationHubs
261277467,261277467,Azure/azure-functions-python-samples
261950135,261950135,Azure/ignite-learning-paths-training-msi
262906503,262906503,Azure/MCW-Migrating-SQL-databases-to-Azure
263503250,263503250,Azure/bicep
263559005,263559005,Azure/AzureML-Modules
263655118,263655118,Azure/mnark-workspace
263697929,263697929,Azure/Azure-ML-Interpretability_2020
264048012,264048012,Azure/2020-machine-learning-security-evasion-competition
264303818,264303818,Azure/Enterprise-Scale
26500561,26500561,Azure/connectthedots
266004302,266004302,Azure/fta-cloudarchitecture
26606365,26606365,Azure/azure-documentdb-hadoop
267112875,267112875,Azure/azure-functions-python-sample_List_Resource_Groups
267476646,267476646,Azure/clds
267681032,267681032,Azure/AAD.fs
267959132,267959132,Azure/azure-marketplace-openapi
268446015,268446015,Azure/terraform-azurerm-aci-devops-agent
269142377,269142377,Azure/opendigitaltwins-building
269209986,269209986,Azure/terraform-azurerm-sec-storage-account
269218708,269218708,Azure/terraform-azurerm-sec-api-management
269218903,269218903,Azure/terraform-azurerm-sec-api-management-product
269219030,269219030,Azure/terraform-azurerm-sec-audit-diagnostics-package
269219176,269219176,Azure/terraform-azurerm-sec-databricks-workspace
269219245,269219245,Azure/erraform-azurerm-event-hub
269219299,269219299,Azure/terraform-azurerm-event-hub
269219375,269219375,Azure/terraform-azurerm-sec-firewall
269219451,269219451,Azure/terraform-azurerm-sec-key-vault
269219533,269219533,Azure/terraform-azurerm-sec-log-analytics
269219905,269219905,Azure/terraform-azurerm-sec-security-package
269220025,269220025,Azure/terraform-azurerm-sec-shared-services
269220233,269220233,Azure/terraform-azurerm-shared-services-network-group
26943171,26943171,Azure/azure-mobile-services-cordova
269572547,269572547,Azure/terraform-azurerm-sec-network-security-group
269672849,269672849,Azure/terraform-azurerm-sec-storage-managed-encryption-key
269675784,269675784,Azure/terraform-databricks-sec-resources
273461773,273461773,Azure/terraform-azurerm-sec-network-security-group-rules
275003611,275003611,Azure/CONVEX
275917571,275917571,Azure/cyclecloud-scalelib
27847606,27847606,Azure/azure-notificationhubs-java-backend
279231136,279231136,Azure/iot-identity-service
279370325,279370325,Azure/azure-data-pipelines
280221526,280221526,Azure/AKS_CAF_SolutionFactory
280459012,280459012,Azure/CAFSolutionFactories
281860442,281860442,Azure/azure-powershell-migration
28208268,28208268,Azure/hdinsight-script-actions
283275749,283275749,Azure/autorest.azure-functions-csharp
283868860,283868860,Azure/Multi-tenant-Landing-Zones
284683512,284683512,Azure/azure-arc-validation
285400604,285400604,Azure/msi-acrpull
285546666,285546666,Azure/WVD_CAF_SolutionFactory
285897279,285897279,Azure/throttled
287350782,287350782,Azure/iot-sdk-longhaul
288829020,288829020,Azure/AzureML-fastai
289801281,289801281,Azure/CSAPI
290561395,290561395,Azure/homebrew-kubelogin
2928944,2928944,Azure/azure-sdk-for-net
2928948,2928948,Azure/azure-sdk-for-java
293695605,293695605,Azure/Multivariate-AD
294410012,294410012,Azure/build-vm-image
294760950,294760950,Azure/dapr-gbb-workshop
2950981,2950981,Azure/azure-sdk-for-node
295485450,295485450,Azure/API-Management
29549116,29549116,Azure/Azure-MachineLearning-ClientLibrary-Python
295777192,295777192,Azure/aad-pod-identity.io
295810364,295810364,Azure/azure-sdk-for-rust
295857906,295857906,Azure/device-models
2975321,2975321,Azure/iisnode
29757012,29757012,Azure/azure-batch-apps-blender
298040750,298040750,Azure/terraform-azurerm-caf-enterprise-scale
298128583,298128583,Azure/aimtool
298130326,298130326,Azure/aimbiztalk
298400853,298400853,Azure/vscode-remote-try-bicep
29900091,29900091,Azure/api-management-samples
299190836,299190836,Azure/fta-japan
299675717,299675717,Azure/bicep-types-az
299676007,299676007,Azure/bicep-types-az.generator
304078203,304078203,Azure/health-cloud-adoption-scenarios
305475249,305475249,Azure/Unreal-Pixel-Streaming-on-Azure
30773898,30773898,Azure/azure-documentdb-datamigrationtool
30883187,30883187,Azure/azure-mobile-services-quickstarts
310624386,310624386,Azure/azureml-template
310746722,310746722,Azure/Azure-AppServices-Diagnostics-KustoIngestor
31089461,31089461,Azure/autorest
314074524,314074524,Azure/azureml-template-lowpri
315729093,315729093,Azure/homebrew-bicep
31725836,31725836,Azure/mobile-services-dynamics-connector
31940017,31940017,Azure/azure-iot-protocol-gateway
323249952,323249952,Azure/opendigitaltwins-building-tools
32526879,32526879,Azure/go-pkcs12
32758266,32758266,Azure/deco
32889769,32889769,Azure/azure-cli-docker
3331232,3331232,Azure/azure-sdk-for-php
33570165,33570165,Azure/servicefabric-samples
33752582,33752582,Azure/azure-batch-samples
34143376,34143376,Azure/Azure-Websites-Migration-Tool
34407651,34407651,Azure/azure-quickstart-templates
34483694,34483694,Azure/azure-stream-analytics
34533958,34533958,Azure/azure-resource-manager-schemas
34761027,34761027,Azure/AzureDataLake
34868285,34868285,Azure/azure-mobile-engagement-samples
34868299,34868299,Azure/azure-mobile-engagement-cordova
34868312,34868312,Azure/azure-mobile-engagement-capptain-cordova
34870198,34870198,Azure/aspnet-redis-providers
35129048,35129048,Azure/azure-mobile-apps-node
35173919,35173919,Azure/azure-sql-database-samples
35290377,35290377,Azure/DotNetty
36027231,36027231,Azure/azure-webjobs-sdk-extensions
36038608,36038608,Azure/azure-batch-maya
3603910,3603910,Azure/node-sqlserver
36484146,36484146,Azure/CopyBlobIntoAsset
3699358,3699358,Azure/azure-sdk-for-media-services
37092874,37092874,Azure/go-ansiterm
37146680,37146680,Azure/BillingCodeSamples
37151564,37151564,Azure/elastic-db-tools
37545137,37545137,Azure/azure-storage-net-data-movement
37928153,37928153,Azure/identity-management-samples
38313864,38313864,Azure/Azure-MachineLearning-ClientLibrary-R
38465456,38465456,Azure/Azure-Apache-Migration-Tool
39039065,39039065,Azure/azure-storage-python
39093389,39093389,Azure/azure-rest-api-specs
39398382,39398382,Azure/go-autorest
39453945,39453945,Azure/azure-event-hubs
39550433,39550433,Azure/azure-iot-remote-monitoring
39550478,39550478,Azure/azure-iot-predictive-maintenance
40145877,40145877,Azure/amqpnetlite
4127088,4127088,Azure/azure-sdk-for-python
4127095,4127095,Azure/azure-sdk-for-ruby
41813928,41813928,Azure/azure-documentdb-js-server
41813938,41813938,Azure/azure-documentdb-node-q
41836441,41836441,Azure/azure-iot-sdks
41886782,41886782,Azure/AzureAD-BYOA-Provisioning-Samples
41898845,41898845,Azure/azure-event-hubs-spark
41941928,41941928,Azure/azure-mobile-apps-net-files-client
42144605,42144605,Azure/azure-devtestlab
42329131,42329131,Azure/azure-storage-ios
42548553,42548553,Azure/azure-webjobs-sdk-script
42885541,42885541,Azure/qpid-proton
43052748,43052748,Azure/azurefile-dockervolumedriver
43841288,43841288,Azure/azure-mobile-apps-net-server
44032489,44032489,Azure/azure-xplat-arm-tooling
44136406,44136406,Azure/azure-amqp
44197086,44197086,Azure/usql
44423760,44423760,Azure/go-ntlmssp
44565427,44565427,Azure/azure-mobile-apps
44776068,44776068,Azure/AzureStack-QuickStart-Templates
44986892,44986892,Azure/azure-c-shared-utility
45061975,45061975,Azure/Azure-vpn-config-samples
45125370,45125370,Azure/Azure-MachineLearning-CustomModuleDefinition-App
45431713,45431713,Azure/azure-arm-validator
4576210,4576210,Azure/azure-sdk-for-php-samples
4576639,4576639,Azure/WALinuxAgent
45939912,45939912,Azure/azure-content-jajp
45963582,45963582,Azure/azure-mobile-apps-ios-client
46019257,46019257,Azure/azure-content-ptbr
46019258,46019258,Azure/azure-content-dede
46025102,46025102,Azure/azure-storage-ruby
46075467,46075467,Azure/azure-mobile-apps-net-client
46088926,46088926,Azure/azure-oss-portal
46444073,46444073,Azure/azure-mobile-apps-js-client
46543317,46543317,Azure/azure-uamqp-c
46835343,46835343,Azure/azure-webjobs-quickstart
46835469,46835469,Azure/azure-support-scripts
47153321,47153321,Azure/azure-mobile-apps-android-client
47300762,47300762,Azure/azure-umqtt-c
47423958,47423958,Azure/azure-iot-arduino
47575905,47575905,Azure/azure-mobile-apps-quickstarts
4798433,4798433,Azure/azure-query-js
48402285,48402285,Azure/azure-mobile-apps-net-files-server
49084761,49084761,Azure/azure-vm-scripts
49145686,49145686,Azure/azure-storage-php
49535158,49535158,Azure/ref-docs
4961396,4961396,Azure/azure-sdk-for-java-samples
4961407,4961407,Azure/azure-sdk-for-dotnet-samples
49990219,49990219,Azure/azure-mobile-apps-cordova-client
50541461,50541461,Azure/azure-extensions-cli
50699741,50699741,Azure/parse-server-example
50877831,50877831,Azure/azure-functions-ux
50943096,50943096,Azure/finance-analytics
51040886,51040886,Azure/azure-cli
51108542,51108542,Azure/SONiC
51481680,51481680,Azure/sonic-tam
51481910,51481910,Azure/sonic-ztp
51481943,51481943,Azure/sonic-pas
51481966,51481966,Azure/sonic-object-library
51481968,51481968,Azure/sonic-sdi-framework
51481969,51481969,Azure/sonic-nat
51604319,51604319,Azure/azure-iot-hub-vs-cs
51861216,51861216,Azure/hdinsight-phoenix-sharp
51939674,51939674,Azure/sonic-nas-daemon
51939937,51939937,Azure/sonic-stp
51939969,51939969,Azure/sonic-mgmt-framework
52050619,52050619,Azure/azure-iot-device-management
52169157,52169157,Azure/sonic-platform-modules-s6000
52470131,52470131,Azure/azure-webjobs-sdk-templates
52503397,52503397,Azure/media-services-dotnet-deliver-drm-licenses
52558128,52558128,Azure/sonic-build-tools
52558133,52558133,Azure/sonic-mgmt
52837665,52837665,Azure/azure-diagnostics-tools
53111978,53111978,Azure/azurestack-solutionvalidation
53154185,53154185,Azure/NetworkMonitoring
53158376,53158376,Azure/Cortana-Intelligence-Gallery-Content
53158536,53158536,Azure/sonic-pas-config-s6000
53176790,53176790,Azure/classic-iaas-resourcemanager-migration
53366165,53366165,Azure/azure-apihub-sdk
53432430,53432430,Azure/sonic-py-swsssdk
53432471,53432471,Azure/sonic-dbsyncd
53432472,53432472,Azure/sonic-buildimage
53432617,53432617,Azure/sonic-snmpagent
53451272,53451272,Azure/azure-mobile-engagement-app-windows
53451309,53451309,Azure/azure-mobile-engagement-app-android
53451314,53451314,Azure/azure-mobile-engagement-app-ios
53451334,53451334,Azure/azure-mobile-engagement-unity
53451335,53451335,Azure/sonic-sairedis
53453399,53453399,Azure/azure-content-kokr
53453402,53453402,Azure/azure-content-eses
53453410,53453410,Azure/azure-content-zhtw
53453440,53453440,Azure/azure-content-frfr
53515393,53515393,Azure/sonic-utilities
53515475,53515475,Azure/sonic-swss
53590824,53590824,Azure/sonic-linux-kernel
53900991,53900991,Azure/azure-content-ruru
53913271,53913271,Azure/umock-c
53971519,53971519,Azure/azure-container-networking
54092802,54092802,Azure/batch-jenkins
54147802,54147802,Azure/unixODBC-MSSQL
54207880,54207880,Azure/azure-blockchain-projects
54224563,54224563,Azure/Batch-DAGBuilder
54574704,54574704,Azure/tfs-matlab-connector
54591129,54591129,Azure/azure-mobile-apps-node-compatibility
54597875,54597875,Azure/sonic-swss-common
54681968,54681968,Azure/azure-iot-library
54744422,54744422,Azure/azure-odata-sql-js
55558713,55558713,Azure/Azure-Functions
56031054,56031054,Azure/azure-ruby-asm-core
56078157,56078157,Azure/Cortana-Intelligence-Suite-Industry-Solution-How-To-Guides
56358351,56358351,Azure/autorest-clientruntime-for-java
56637079,56637079,Azure/iot-edge
57256030,57256030,Azure/service-fabric-issues
57990188,57990188,Azure/azure-webjobs-sdk-script-samples
5803673,5803673,Azure/azure-mobile-services
58098024,58098024,Azure/swashbuckle-resource-provider
58098060,58098060,Azure/azure-ctest
58484343,58484343,Azure/batch-matlab-mdcs-scheduler
5850946,5850946,Azure/azure-resource-provider-sdk
58775550,58775550,Azure/azure-bigcompute
59096846,59096846,Azure/meta-azure-service-broker
59516458,59516458,Azure/azure-mobile-apps-node-files
59783959,59783959,Azure/sonic-docker-base
61572137,61572137,Azure/Customer-Churn-Demo-MRS-Spark-HDI
61765802,61765802,Azure/azure-python-siteextensions
61765810,61765810,Azure/azure-resource-manager-rpc
62257351,62257351,Azure/api-management-monetization
62327988,62327988,Azure/azure-functions-performance-test
62758014,62758014,Azure/custom-script-extension-linux
62902455,62902455,Azure/azure-data-lake-store-python
62902473,62902473,Azure/azure-data-lake-store-java
63598975,63598975,Azure/LearnAnalytics-mr4ds
63614079,63614079,Azure/azure-docs-sdk-java
63614240,63614240,Azure/azure-docs-sdk-dotnet
64148806,64148806,Azure/blobxfer
64170003,64170003,Azure/azure-mobile-services-node
64236760,64236760,Azure/sonic-nas-manifest
64236767,64236767,Azure/sonic-object-model-schema
64322158,64322158,Azure/azure-content-nlnl
64553565,64553565,Azure/bot-education
64692466,64692466,Azure/azure-iot-sdks-preview
64799593,64799593,Azure/sonic-platform-common
64949032,64949032,Azure/azure-cli-samples
65053811,65053811,Azure/template-building-blocks
6506651,6506651,Azure/azure-xplat-cli
65307325,65307325,Azure/onboarding-guidance
65390815,65390815,Azure/azure-docs-cli-python
65419732,65419732,Azure/hbase-utils
65505914,65505914,Azure/azure-docs-powershell
66011370,66011370,Azure/acs-engine
66047053,66047053,Azure/cortana-intelligence-data-virtualization-techniques-using-sql-server-2016-and-hdinsight
66606388,66606388,Azure/batch-shipyard
66668555,66668555,Azure/AzureStack-Tools
66686246,66686246,Azure/itanomalyinsights-cortana-intelligence-preconfigured-solution
67143145,67143145,Azure/device-discovery-cli
67269270,67269270,Azure/azure-c-testrunnerswitcher
67515090,67515090,Azure/azure-batch-rscripts-manager
67644797,67644797,Azure/azure-relay-dotnet
67681300,67681300,Azure/az-iot-bi
67829589,67829589,Azure/CIS-Extension-IoT-Solution-Predictive-Maintenance
67831414,67831414,Azure/Azure-TDSP-Utilities
67831444,67831444,Azure/Azure-TDSP-ProjectTemplate
68017454,68017454,Azure/azure-iot-hub-nodered-nodes
68018857,68018857,Azure/gulp-common
68048392,68048392,Azure/Microsoft-TDSP
68327337,68327337,Azure/cortana-intelligence-call-center-solution
68409706,68409706,Azure/react-appinsights
68422923,68422923,Azure/azure-relay-node
68422935,68422935,Azure/azure-event-hubs-dotnet
68654543,68654543,Azure/service-fabric-linux-vagrant-onebox
68766789,68766789,Azure/azure-websites-security
69396401,69396401,Azure/azure-docs-powershell-azuread
69405388,69405388,Azure/toketi-iothubreact
69720536,69720536,Azure/azure-dockerdatacenter
69912197,69912197,Azure/LearnAnalytics-PredictiveAnalyticsForIoT
70124956,70124956,Azure/sonic-quagga
70215986,70215986,Azure/custmod
70264450,70264450,Azure/ObjectDetectionUsingCntk
70529830,70529830,Azure/cortana-intelligence-energy-demand-forecasting
70535674,70535674,Azure/Time-series-forecasting-using-CNTK
70650402,70650402,Azure/AzureTestDrive
70739586,70739586,Azure/learnAnalytics-public
70852343,70852343,Azure/diagnostics-eventflow
70921789,70921789,Azure/cortana-intelligence-quality-assurance-manufacturing
70934373,70934373,Azure/azure-iot-sdk-c
70935002,70935002,Azure/azure-iot-sdk-node
70935438,70935438,Azure/azure-iot-sdk-java
70935860,70935860,Azure/azure-iot-sdk-javawrapper
70936068,70936068,Azure/azure-iot-sdk-python
70936151,70936151,Azure/azure-iot-sdk-csharp
70941508,70941508,Azure/cookiecutter-azuresdk-pypackage
71186377,71186377,Azure/msrestazure-for-python
71186468,71186468,Azure/msrest-for-python
71311975,71311975,Azure/azure-service-bus-node
71665710,71665710,Azure/azure-macro-utils-c
71803373,71803373,Azure/azure-event-hubs-java
72023672,72023672,Azure/cortana-intelligence-personalization-data-science-playbook
72245562,72245562,Azure/azure-docs-cli-getstarted
72458929,72458929,Azure/etlorchestration-cortana-intelligence-preconfigured-solution
72502608,72502608,Azure/iot-edge-modbus
72797283,72797283,Azure/diagnostics-correlation
72820841,72820841,Azure/acr
72873877,72873877,Azure/cortana-intelligence-predictive-maintenance-aerospace
72874993,72874993,Azure/cortana-intelligence-personalized-offers-retail
73101942,73101942,Azure/migAz
73127936,73127936,Azure/LearnAnalytics-MRS-Essentials
73132751,73132751,Azure/oav
73211613,73211613,Azure/toketi-iot-tools
73226300,73226300,Azure/cortana-intelligence-price-optimization
73229622,73229622,Azure/portaldocs
73309503,73309503,Azure/azure-service-bus-dotnet
73309646,73309646,Azure/azure-service-bus-java
73449458,73449458,Azure/AzureGlobalConnectionToolkit
73514402,73514402,Azure/azure-iot-arduino-utility
73514619,73514619,Azure/azure-iot-arduino-protocol-http
73516199,73516199,Azure/acr-web-manager
73517963,73517963,Azure/azure-iot-arduino-protocol-mqtt
73736838,73736838,Azure/functionschallenge
73746442,73746442,Azure/iot-gateway-opc-ua
73963227,73963227,Azure/iothub-explorer
73966051,73966051,Azure/iothub-diagnostics
73987807,73987807,Azure/azure-batch-sdk-for-java
74065698,74065698,Azure/arm-templates-generator
74235825,74235825,Azure/sway
74399038,74399038,Azure/cortana-intelligence-churn-prediction-solution
74400794,74400794,Azure/Cognitive-RecommendationsAPI-DynamicsAX2012R3-Samples
74929278,74929278,Azure/blobporter
75004186,75004186,Azure/LearnAnalytics-Notebooks-IntroToR
75020889,75020889,Azure/toketi-kafka-connect-iothub
75023883,75023883,Azure/RDS-Templates
75085063,75085063,Azure/azure-accessplatform-windows-gpu
75215094,75215094,Azure/azure-cosmosdb-spark
75226306,75226306,Azure/azure-devops-utils
75422296,75422296,Azure/BatchLabs
75440277,75440277,Azure/AzureAD-App-Docs
76409901,76409901,Azure/AnomalyDetection-API
76419779,76419779,Azure/Azure-CortanaIntelligence-SolutionAuthoringWorkspace
76600297,76600297,Azure/azure-event-hubs-c
76608630,76608630,Azure/azure-event-hubs-node
76635668,76635668,Azure/group_concat_sql_server
76757094,76757094,Azure/China-Data-Solutions
77229435,77229435,Azure/iot-edge-opc-proxy
77930675,77930675,Azure/LearnAnalytics-SparkML
77949074,77949074,Azure/toketi-iothub-to-cassandra
77967620,77967620,Azure/azure-functions-cli
77990768,77990768,Azure/azure-functions-cli
78035337,78035337,Azure/LearnAnalytics-sqldwintro-instructorled
78159178,78159178,Azure/azure-iot-device-ecosystem
78270251,78270251,Azure/ibex-dashboard
78472804,78472804,Azure/Spark-Operationalization-On-Azure
78585214,78585214,Azure/iot-gateway-compression-gzip-nodejs
78668094,78668094,Azure/fluentd-plugin-mdsd
78799422,78799422,Azure/ACS
78897795,78897795,Azure/azure-iot-device-ecosystem.zh-cn
79256637,79256637,Azure/LearnAnalytics-SQLServerRServices
79728220,79728220,Azure/azure-docker4azureoms
79805861,79805861,Azure/botbuilder-instrumentation
80059015,80059015,Azure/LearnAnalytics-DoingDataAnalysisusingRandMicrosoftROpen
80091321,80091321,Azure/LearnAnalytics-AnalyzingBigDataWithMRS
80439709,80439709,Azure/QnA_Matching
80452041,80452041,Azure/Perks
80523562,80523562,Azure/Embarrassingly-Parallel-Image-Classification
80542695,80542695,Azure/azure-docs-cli-python-samples
80754316,80754316,Azure/helloworld1
80855119,80855119,Azure/iot-gateway-batch-nodejs
80877454,80877454,Azure/cortana-intelligence-tank-level-forecasting
81172962,81172962,Azure/oms-log-analytics-firehose-nozzle
81237052,81237052,Azure/FunctionLibrary
81384438,81384438,Azure/azure-storage-go
81486917,81486917,Azure/LearnAnalytics-MicrosoftRforArchitects
81490438,81490438,Azure/azure-node-essentials
81512129,81512129,Azure/AzureDSVM
81616771,81616771,Azure/acs-demos
81617859,81617859,Azure/generator-azure-node
81718180,81718180,Azure/azure-functions-pack
81994281,81994281,Azure/vm-scale-sets
82002495,82002495,Azure/doAzureParallel
82002577,82002577,Azure/rAzureBatch
82122925,82122925,Azure/LearnAnalytics-mrs-spark
82123416,82123416,Azure/LearnAnalytics-mr4ds-spark
82127729,82127729,Azure/azure-docs-powershell-samples
82198980,82198980,Azure/cortana-intelligence-personalized-offers
82348702,82348702,Azure/appservice-zipped-templates
82356524,82356524,Azure/iot-gateway-sqlite
82430266,82430266,Azure/sonic-platform-modules-dell
82710626,82710626,Azure/CityPower-Build-Sample
82741316,82741316,Azure/azure-batch-software-entitlement
82747467,82747467,Azure/boilerplate-azurefunctions
82957634,82957634,Azure/azure-service-bus
82978674,82978674,Azure/azure-relay
83097556,83097556,Azure/azure-keyvault-java
83353893,83353893,Azure/appservice-try-templates
83499607,83499607,Azure/azure-hpc
83587333,83587333,Azure/azure-batch-cli-extensions
83843983,83843983,Azure/service-fabric
83844142,83844142,Azure/service-fabric-services-and-actors-dotnet
83844229,83844229,Azure/service-fabric-aspnetcore
83952893,83952893,Azure/AliyunMigration
83962380,83962380,Azure/azuredocker-ddcee
84038749,84038749,Azure/oms-agent-for-linux-boshrelease
84119559,84119559,Azure/LearnAnalytics-CISFoundations
84123126,84123126,Azure/BatchLabs-data
84238029,84238029,Azure/oil-tank-forecasting-guide
84241801,84241801,Azure/CloudESPipeline
84430832,84430832,Azure/fast_retraining
84989118,84989118,Azure/active-directory-dotnet-graphapi-b2bportal-web
85270809,85270809,Azure/generator-az-iot-gw-module
85331942,85331942,Azure/LearnAnalytics-MicrosoftRforSQLServerProfessional
85361423,85361423,Azure/azure-documentdb-rxjava
85497641,85497641,Azure/azure-bigcompute-salt-slurm-formula
85613307,85613307,Azure/logicapps-update-docs
85991242,85991242,Azure/cortana-intelligence-product-detection-from-images
85991820,85991820,Azure/cortana-intelligence-population-health-management
86009096,86009096,Azure/swagger-editor
86444257,86444257,Azure/learnAnalytics-HDI-Hero
86631357,86631357,Azure/WebJobsExtensionSamples
87125015,87125015,Azure/azure-cli-shell
87481074,87481074,Azure/azure-cosmos-db-emulator-docker
87485463,87485463,Azure/api-management-policy-snippets
87547592,87547592,Azure/azureml-scaleout
87556618,87556618,Azure/cortana-intelligence-inventory-optimization
87853437,87853437,Azure/Machine-Learning-Operationalization
87962102,87962102,Azure/azure-functions-nodejs-worker
87970287,87970287,Azure/azure-docs-cli-python.de-de
87970713,87970713,Azure/azure-docs-cli-python.es-es
87970859,87970859,Azure/azure-docs-cli-python.fr-fr
87971763,87971763,Azure/azure-docs-cli-python.it-it
87971881,87971881,Azure/azure-docs-cli-python.ja-jp
87972103,87972103,Azure/azure-docs-cli-python.ko-kr
87972188,87972188,Azure/azure-docs-cli-python.pt-br
87972230,87972230,Azure/azure-docs-cli-python.ru-ru
87972285,87972285,Azure/azure-docs-cli-python.zh-cn
87972353,87972353,Azure/azure-docs-cli-python.zh-tw
87972413,87972413,Azure/azure-docs-cli-python.cs-cz
87972460,87972460,Azure/azure-docs-cli-python.hu-hu
87972579,87972579,Azure/azure-docs-cli-python.nl-nl
87972613,87972613,Azure/azure-docs-cli-python.pl-pl
87972705,87972705,Azure/azure-docs-cli-python.pt-pt
87972740,87972740,Azure/azure-docs-cli-python.sv-se
87972796,87972796,Azure/azure-docs-cli-python.tr-tr
88418799,88418799,Azure/ACS-Deployment-Tutorial
88580947,88580947,Azure/oav-express
88594567,88594567,Azure/azure-iot-connected-factory
88677612,88677612,Azure/azure-functions-vs-build-sdk
88763661,88763661,Azure/cortana-intelligence-energy-supply-optimization
88778324,88778324,Azure/iothub-manager-java
88892308,88892308,Azure/DataScienceVM
88901263,88901263,Azure/petabyte-scale-ai-data-lake-dashboard
88953094,88953094,Azure/azureservicefabricchina
89223066,89223066,Azure/sql_python_deep_learning
89243362,89243362,Azure/ImageSimilarityUsingCntk
89412681,89412681,Azure/azure-managedapp-samples
89531383,89531383,Azure/azure-python-devtools
89741619,89741619,Azure/azure-iot-pcs-remote-monitoring-dotnet
89741746,89741746,Azure/azure-iot-pcs-remote-monitoring-java
89741887,89741887,Azure/device-simulation-dotnet
89742020,89742020,Azure/device-simulation-java
89938193,89938193,Azure/PySpark-Predictive-Maintenance
89969457,89969457,Azure/pcs-remote-monitoring-webui
89990547,89990547,Azure/azure-postgresql
89990655,89990655,Azure/azure-mysql
90009576,90009576,Azure/azure-functions-java-worker
90080368,90080368,Azure/cortana-intelligence-tank-level-forecast
90306455,90306455,Azure/iothub-manager-dotnet
90310371,90310371,Azure/travisci-demo
90382769,90382769,Azure/lstms_for_predictive_maintenance
90411188,90411188,Azure/draft
90424726,90424726,Azure/azure-utpm-c
90775020,90775020,Azure/sqlserver-2017-python-image-matching
90825439,90825439,Azure/CustomerReviewDataAnalyticsTutorial
91496235,91496235,Azure/azure-rest-api-specs-tests
91522920,91522920,Azure/ccg-azure-data-talk
91612665,91612665,Azure/Hangman
91840309,91840309,Azure/logicapps
91842040,91842040,Azure/azure-event-hubs-python
92107536,92107536,Azure/azure-openapi-validator
92221970,92221970,Azure/azure-service-bus-dotnet-plugins
92230165,92230165,Azure/SparkMLADS
92332385,92332385,Azure/vowpal_wabbit
92533691,92533691,Azure/app-service-announcements
92549546,92549546,Azure/ImageClassificationUsingCntk
92862938,92862938,Azure/data-lake-adlstool
92864286,92864286,Azure/aztk
92877237,92877237,Azure/LearnAnalytics-Building-Solutions-with-the-Cortana-Intelligence-Suite
92878788,92878788,Azure/perks.node
93002125,93002125,Azure/acr-docker-credential-helper
93013227,93013227,Azure/vscode-azure-batch-tools
93190658,93190658,Azure/azure-functions-durable-extension
93203543,93203543,Azure/pci-paas-webapp-ase-sqldb-appgateway-keyvault-oms
93278009,93278009,Azure/azure-event-hubs-reactive
93354439,93354439,Azure/learnAnalytics-MicrosoftML
93381875,93381875,Azure/mmlspark
93538534,93538534,Azure/cortana-intelligence-customer360
93564228,93564228,Azure/openapi-diff
94129412,94129412,Azure/LearnAI-AML_pipeline_w_Automated_ML
94135193,94135193,Azure/pcs-cli
94466156,94466156,Azure/cortana-intelligence-shipping-and-distribution-forecasting
94481765,94481765,Azure/elibarzilay-test
94585736,94585736,Azure/service-fabric-cli
94611190,94611190,Azure/AzureStack-Labs
94814435,94814435,Azure/cortana-intelligence-price-analytics
94827841,94827841,Azure/azure-multiapi-storage-python
94933761,94933761,Azure/device-telemetry-java
94933957,94933957,Azure/device-telemetry-dotnet
94986210,94986210,Azure/pcs-storage-adapter-dotnet
95164585,95164585,Azure/azure-iot-hub-vs-cs-2017
95199842,95199842,Azure/pcs-config-dotnet
95235201,95235201,Azure/KDD2017R
95246820,95246820,Azure/azure-diskinspect-service
95542068,95542068,Azure/botbuilder-instrumentation-cs
95590642,95590642,Azure/App-Service-Readiness
95703947,95703947,Azure/azure-docs-powershell.de-DE
95704362,95704362,Azure/azure-docs-powershell.es-ES
95704927,95704927,Azure/azure-docs-powershell.fr-FR
95705398,95705398,Azure/azure-docs-powershell.it-IT
95705644,95705644,Azure/azure-docs-powershell.ja-JP
95706348,95706348,Azure/azure-docs-powershell.ko-KR
95706726,95706726,Azure/azure-docs-powershell.pt-BR
95706977,95706977,Azure/azure-docs-powershell.ru-RU
95707413,95707413,Azure/azure-docs-powershell.zh-CN
95708835,95708835,Azure/azure-docs-powershell.zh-TW
95710297,95710297,Azure/azure-docs-powershell.cs-CZ
95710707,95710707,Azure/azure-docs-powershell.hu-HU
95710875,95710875,Azure/azure-docs-powershell.nl-NL
95711116,95711116,Azure/azure-docs-powershell.pl-PL
95711389,95711389,Azure/azure-docs-powershell.pt-PT
95711617,95711617,Azure/azure-docs-powershell.sv-SE
95711819,95711819,Azure/azure-docs-powershell.tr-TR
95898088,95898088,Azure/app-service-announcements-discussions
95933668,95933668,Azure/telemetry-agent-java
95933683,95933683,Azure/telemetry-agent-dotnet
96269184,96269184,Azure/pcs-storage-adapter-java
96269429,96269429,Azure/pcs-config-java
9631074,9631074,Azure/azure-sdk-tools-samples
96557347,96557347,Azure/FastTrackForAzure
96679229,96679229,Azure/supply-chain-services
96679507,96679507,Azure/supply-chain-office-integration
96679550,96679550,Azure/supply-chain-smart-contracts
96971656,96971656,Azure/LearnAnalytics-DoingMachineLearningwithAzureMLStudio
96984834,96984834,Azure/hana-large-instances-self-service-scripts
96992840,96992840,Azure/OMSLabs
97455849,97455849,Azure/generator-azuresfjava
97757107,97757107,Azure/aci-connector-k8s
98087727,98087727,Azure/azure-key-vault-secret-as-a-service
98263285,98263285,Azure/vscode-kubernetes-tools
98339552,98339552,Azure/azure-functions-eventing-extension
98360580,98360580,Azure/azure-functions-iothub-extension
98408880,98408880,Azure/generator-azuresfcontainer
98409033,98409033,Azure/generator-azuresfguest
98492017,98492017,Azure/azure-policy-samples
98641454,98641454,Azure/generator-azuresfcsharp
98668978,98668978,Azure/etcd-operator
98698223,98698223,Azure/acr-builder
98794670,98794670,Azure/s3toadl
98979406,98979406,Azure/devops-sample-solution-for-azure-china
99307812,99307812,Azure/pcs-auth-dotnet
99381342,99381342,Azure/service-fabric-scripts-and-templates
99383757,99383757,Azure/aci-issues
99610639,99610639,Azure/simdem
99669332,99669332,Azure/iot-edge-opc-proxy-api-csharp
99830241,99830241,Azure/kashti
99879997,99879997,Azure/coco-framework
